x,y,z,rld
21,21,1,0
22,22,1,0
23,23,1,0
24,24,1,0
25,25,1,0
26,26,1,0
27,27,1,0
28,28,1,0
29,29,1,0
30,30,1,0
21,21,1,0
22,22,1,0
23,23,1,0
24,24,1,0
25,25,1,0
26,26,1,0
27,27,1,0
28,28,1,0
29,29,1,0
30,30,1,0
21,21,1,0
22,22,1,0
23,23,1,0
24,24,1,0
25,25,1,0
26,26,1,0
27,27,1,0
28,28,1,0
29,29,1,0
30,30,1,0
21,21,1,0
22,22,1,0
23,23,1,0
24,24,1,0
25,25,1,0
26,26,1,0
27,27,1,0
28,28,1,0
29,29,1,0
30,30,1,0
21,21,1,0
22,22,1,0
23,23,1,0
24,24,1,0
25,25,1,0
26,26,1,0
27,27,1,0
28,28,1,0
29,29,1,0
30,30,1,0
21,21,1,0
22,22,1,0
23,23,1,0
24,24,1,0
25,25,1,0
26,26,1,0
27,27,1,0
28,28,1,0
29,29,1,0
30,30,1,0
21,21,1,0
22,22,1,0
23,23,1,0
24,24,1,0
25,25,1,0
26,26,1,0
27,27,1,0
28,28,1,0
29,29,1,0
30,30,1,0
21,21,1,0
22,22,1,0
23,23,1,0
24,24,1,0
25,25,1,0
26,26,1,0
27,27,1,0
28,28,1,0
29,29,1,0
30,30,1,0
21,21,1,0
22,22,1,0
23,23,1,0
24,24,1,0
25,25,1,0
26,26,1,0
27,27,1,0
28,28,1,0
29,29,1,0
30,30,1,0
21,21,1,0
22,22,1,0
23,23,1,0
24,24,1,0
25,25,1,0
26,26,1,0
27,27,1,0
28,28,1,0
29,29,1,0
30,30,1,0
21,21,0.95,0
22,22,0.95,0
23,23,0.95,0
24,24,0.95,0
25,25,0.95,0
26,26,0.95,0
27,27,0.95,0
28,28,0.95,0
29,29,0.95,0
30,30,0.95,0
21,21,0.95,0
22,22,0.95,0
23,23,0.95,0
24,24,0.95,0
25,25,0.95,0
26,26,0.95,0
27,27,0.95,0
28,28,0.95,0
29,29,0.95,0
30,30,0.95,0
21,21,0.95,0
22,22,0.95,0
23,23,0.95,0
24,24,0.95,0
25,25,0.95,0
26,26,0.95,0
27,27,0.95,0
28,28,0.95,0
29,29,0.95,0
30,30,0.95,0
21,21,0.95,0
22,22,0.95,0
23,23,0.95,0
24,24,0.95,0
25,25,0.95,0
26,26,0.95,0
27,27,0.95,0
28,28,0.95,0
29,29,0.95,0
30,30,0.95,0
21,21,0.95,0
22,22,0.95,0
23,23,0.95,0
24,24,0.95,0
25,25,0.95,0
26,26,0.95,0
27,27,0.95,0
28,28,0.95,0
29,29,0.95,0
30,30,0.95,0
21,21,0.95,0
22,22,0.95,0
23,23,0.95,0
24,24,0.95,0
25,25,0.95,0
26,26,0.95,0
27,27,0.95,0
28,28,0.95,0
29,29,0.95,0
30,30,0.95,0
21,21,0.95,0
22,22,0.95,0
23,23,0.95,0
24,24,0.95,0
25,25,0.95,0
26,26,0.95,0
27,27,0.95,0
28,28,0.95,0
29,29,0.95,0
30,30,0.95,0
21,21,0.95,0
22,22,0.95,0
23,23,0.95,0
24,24,0.95,0
25,25,0.95,0
26,26,0.95,0
27,27,0.95,0
28,28,0.95,0
29,29,0.95,0
30,30,0.95,0
21,21,0.95,0
22,22,0.95,0
23,23,0.95,0
24,24,0.95,0
25,25,0.95,0
26,26,0.95,0
27,27,0.95,0
28,28,0.95,0
29,29,0.95,0
30,30,0.95,0
21,21,0.95,0
22,22,0.95,0
23,23,0.95,0
24,24,0.95,0
25,25,0.95,0
26,26,0.95,0
27,27,0.95,0
28,28,0.95,0
29,29,0.95,0
30,30,0.95,0
21,21,0.9,0
22,22,0.9,0
23,23,0.9,0
24,24,0.9,0
25,25,0.9,0
26,26,0.9,0
27,27,0.9,0
28,28,0.9,0
29,29,0.9,0
30,30,0.9,0
21,21,0.9,0
22,22,0.9,0
23,23,0.9,0
24,24,0.9,0
25,25,0.9,0
26,26,0.9,0
27,27,0.9,0
28,28,0.9,0
29,29,0.9,0
30,30,0.9,0
21,21,0.9,0
22,22,0.9,0
23,23,0.9,0
24,24,0.9,0
25,25,0.9,0
26,26,0.9,0
27,27,0.9,0
28,28,0.9,0
29,29,0.9,0
30,30,0.9,0
21,21,0.9,0
22,22,0.9,0
23,23,0.9,0
24,24,0.9,0
25,25,0.9,0
26,26,0.9,0
27,27,0.9,0
28,28,0.9,0
29,29,0.9,0
30,30,0.9,0
21,21,0.9,0
22,22,0.9,0
23,23,0.9,0
24,24,0.9,0
25,25,0.9,0
26,26,0.9,0
27,27,0.9,0
28,28,0.9,0
29,29,0.9,0
30,30,0.9,0
21,21,0.9,0
22,22,0.9,0
23,23,0.9,0
24,24,0.9,0
25,25,0.9,0
26,26,0.9,0
27,27,0.9,0
28,28,0.9,0
29,29,0.9,0
30,30,0.9,0
21,21,0.9,0
22,22,0.9,0
23,23,0.9,0
24,24,0.9,0
25,25,0.9,0
26,26,0.9,0
27,27,0.9,0
28,28,0.9,0
29,29,0.9,0
30,30,0.9,0
21,21,0.9,0
22,22,0.9,0
23,23,0.9,0
24,24,0.9,0
25,25,0.9,0
26,26,0.9,0
27,27,0.9,0
28,28,0.9,0
29,29,0.9,0
30,30,0.9,0
21,21,0.9,0
22,22,0.9,0
23,23,0.9,0
24,24,0.9,0
25,25,0.9,0
26,26,0.9,0
27,27,0.9,0
28,28,0.9,0
29,29,0.9,0
30,30,0.9,0
21,21,0.9,0
22,22,0.9,0
23,23,0.9,0
24,24,0.9,0
25,25,0.9,0
26,26,0.9,0
27,27,0.9,0
28,28,0.9,0
29,29,0.9,0
30,30,0.9,0
21,21,0.85,0
22,22,0.85,0
23,23,0.85,0
24,24,0.85,0
25,25,0.85,0
26,26,0.85,0
27,27,0.85,0
28,28,0.85,0
29,29,0.85,0
30,30,0.85,0
21,21,0.85,0
22,22,0.85,0
23,23,0.85,0
24,24,0.85,0
25,25,0.85,0
26,26,0.85,0
27,27,0.85,0
28,28,0.85,0
29,29,0.85,0
30,30,0.85,0
21,21,0.85,0
22,22,0.85,0
23,23,0.85,0
24,24,0.85,0
25,25,0.85,0
26,26,0.85,0
27,27,0.85,0
28,28,0.85,0
29,29,0.85,0
30,30,0.85,0
21,21,0.85,0
22,22,0.85,0
23,23,0.85,0
24,24,0.85,0
25,25,0.85,0
26,26,0.85,0
27,27,0.85,0
28,28,0.85,0
29,29,0.85,0
30,30,0.85,0
21,21,0.85,0
22,22,0.85,0
23,23,0.85,0
24,24,0.85,0
25,25,0.85,0
26,26,0.85,0
27,27,0.85,0
28,28,0.85,0
29,29,0.85,0
30,30,0.85,0
21,21,0.85,0
22,22,0.85,0
23,23,0.85,0
24,24,0.85,0
25,25,0.85,0
26,26,0.85,0
27,27,0.85,0
28,28,0.85,168725.4053
29,29,0.85,0
30,30,0.85,0
21,21,0.85,0
22,22,0.85,0
23,23,0.85,0
24,24,0.85,0
25,25,0.85,0
26,26,0.85,0
27,27,0.85,0
28,28,0.85,0
29,29,0.85,0
30,30,0.85,0
21,21,0.85,0
22,22,0.85,0
23,23,0.85,0
24,24,0.85,0
25,25,0.85,0
26,26,0.85,0
27,27,0.85,0
28,28,0.85,0
29,29,0.85,0
30,30,0.85,0
21,21,0.85,0
22,22,0.85,0
23,23,0.85,0
24,24,0.85,0
25,25,0.85,0
26,26,0.85,0
27,27,0.85,0
28,28,0.85,0
29,29,0.85,0
30,30,0.85,0
21,21,0.85,0
22,22,0.85,0
23,23,0.85,0
24,24,0.85,0
25,25,0.85,0
26,26,0.85,0
27,27,0.85,0
28,28,0.85,0
29,29,0.85,0
30,30,0.85,0
21,21,0.8,0
22,22,0.8,0
23,23,0.8,0
24,24,0.8,0
25,25,0.8,18037.85145
26,26,0.8,0
27,27,0.8,0
28,28,0.8,0
29,29,0.8,0
30,30,0.8,0
21,21,0.8,0
22,22,0.8,0
23,23,0.8,0
24,24,0.8,0
25,25,0.8,0
26,26,0.8,0
27,27,0.8,0
28,28,0.8,0
29,29,0.8,0
30,30,0.8,0
21,21,0.8,0
22,22,0.8,0
23,23,0.8,0
24,24,0.8,0
25,25,0.8,0
26,26,0.8,0
27,27,0.8,0
28,28,0.8,0
29,29,0.8,0
30,30,0.8,0
21,21,0.8,0
22,22,0.8,0
23,23,0.8,0
24,24,0.8,0
25,25,0.8,16996.74258
26,26,0.8,50990.2291
27,27,0.8,16996.74258
28,28,0.8,0
29,29,0.8,0
30,30,0.8,0
21,21,0.8,0
22,22,0.8,0
23,23,0.8,0
24,24,0.8,0
25,25,0.8,0
26,26,0.8,0
27,27,0.8,0
28,28,0.8,0
29,29,0.8,0
30,30,0.8,0
21,21,0.8,0
22,22,0.8,0
23,23,0.8,0
24,24,0.8,0
25,25,0.8,0
26,26,0.8,0
27,27,0.8,16996.74258
28,28,0.8,50990.2291
29,29,0.8,0
30,30,0.8,0
21,21,0.8,0
22,22,0.8,0
23,23,0.8,0
24,24,0.8,0
25,25,0.8,56462.81302
26,26,0.8,0
27,27,0.8,0
28,28,0.8,50990.22616
29,29,0.8,0
30,30,0.8,0
21,21,0.8,0
22,22,0.8,0
23,23,0.8,0
24,24,0.8,0
25,25,0.8,0
26,26,0.8,0
27,27,0.8,0
28,28,0.8,0
29,29,0.8,0
30,30,0.8,0
21,21,0.8,0
22,22,0.8,0
23,23,0.8,0
24,24,0.8,0
25,25,0.8,0
26,26,0.8,0
27,27,0.8,0
28,28,0.8,33533.5505
29,29,0.8,0
30,30,0.8,0
21,21,0.8,0
22,22,0.8,0
23,23,0.8,0
24,24,0.8,0
25,25,0.8,0
26,26,0.8,0
27,27,0.8,0
28,28,0.8,0
29,29,0.8,0
30,30,0.8,0
21,21,0.75,0
22,22,0.75,0
23,23,0.75,0
24,24,0.75,0
25,25,0.75,17131.74885
26,26,0.75,3426.348245
27,27,0.75,0
28,28,0.75,0
29,29,0.75,0
30,30,0.75,0
21,21,0.75,0
22,22,0.75,0
23,23,0.75,0
24,24,0.75,0
25,25,0.75,0
26,26,0.75,0
27,27,0.75,0
28,28,0.75,0
29,29,0.75,0
30,30,0.75,0
21,21,0.75,0
22,22,0.75,0
23,23,0.75,0
24,24,0.75,0
25,25,0.75,0
26,26,0.75,0
27,27,0.75,10566.16975
28,28,0.75,0
29,29,0.75,0
30,30,0.75,0
21,21,0.75,13764.21957
22,22,0.75,0
23,23,0.75,0
24,24,0.75,0
25,25,0.75,10566.17112
26,26,0.75,14088.22275
27,27,0.75,10566.16819
28,28,0.75,7044.113625
29,29,0.75,3522.056127
30,30,0.75,0
21,21,0.75,13764.21957
22,22,0.75,0
23,23,0.75,0
24,24,0.75,0
25,25,0.75,8539.17288
26,26,0.75,17610.282
27,27,0.75,28176.45019
28,28,0.75,3522.057498
29,29,0.75,21132.33794
30,30,0.75,0
21,21,0.75,13764.2182
22,22,0.75,0
23,23,0.75,0
24,24,0.75,0
25,25,0.75,34120.68618
26,26,0.75,17610.28338
27,27,0.75,21132.33794
28,28,0.75,7044.113625
29,29,0.75,0
30,30,0.75,0
21,21,0.75,0
22,22,0.75,13764.21957
23,23,0.75,0
24,24,0.75,3522.056127
25,25,0.75,25590.51204
26,26,0.75,0
27,27,0.75,10566.16838
28,28,0.75,35220.56633
29,29,0.75,3522.056127
30,30,0.75,0
21,21,0.75,0
22,22,0.75,0
23,23,0.75,0
24,24,0.75,0
25,25,0.75,17610.28044
26,26,0.75,0
27,27,0.75,0
28,28,0.75,3522.056127
29,29,0.75,0
30,30,0.75,0
21,21,0.75,0
22,22,0.75,0
23,23,0.75,0
24,24,0.75,0
25,25,0.75,0
26,26,0.75,0
27,27,0.75,0
28,28,0.75,8386.350768
29,29,0.75,12579.52625
30,30,0.75,4193.17548
21,21,0.75,0
22,22,0.75,0
23,23,0.75,0
24,24,0.75,0
25,25,0.75,0
26,26,0.75,0
27,27,0.75,0
28,28,0.75,0
29,29,0.75,0
30,30,0.75,4193.17548
21,21,0.7,0
22,22,0.7,0
23,23,0.7,0
24,24,0.7,0
25,25,0.7,14692.90029
26,26,0.7,2671.436047
27,27,0.7,0
28,28,0.7,0
29,29,0.7,0
30,30,0.7,0
21,21,0.7,0
22,22,0.7,0
23,23,0.7,0
24,24,0.7,0
25,25,0.7,0
26,26,0.7,0
27,27,0.7,0
28,28,0.7,0
29,29,0.7,0
30,30,0.7,0
21,21,0.7,0
22,22,0.7,0
23,23,0.7,0
24,24,0.7,0
25,25,0.7,9004.751401
26,26,0.7,0
27,27,0.7,1800.949616
28,28,0.7,7203.801785
29,29,0.7,0
30,30,0.7,0
21,21,0.7,10450.26211
22,22,0.7,0
23,23,0.7,0
24,24,0.7,1800.949809
25,25,0.7,13507.12139
26,26,0.7,20710.93018
27,27,0.7,5402.850374
28,28,0.7,1800.948245
29,29,0.7,17109.02653
30,30,0.7,0
21,21,0.7,5971.577002
22,22,0.7,0
23,23,0.7,0
24,24,0.7,0
25,25,0.7,16208.55494
26,26,0.7,28594.13731
27,27,0.7,19810.45532
28,28,0.7,6312.324252
29,29,0.7,9905.227446
30,30,0.7,0
21,21,0.7,23886.3178
22,22,0.7,17914.73943
23,23,0.7,0
24,24,0.7,13120.62593
25,25,0.7,30687.83499
26,26,0.7,26636.7549
27,27,0.7,17540.36787
28,28,0.7,30616.14928
29,29,0.7,0
30,30,0.7,0
21,21,0.7,0
22,22,0.7,4478.683732
23,23,0.7,0
24,24,0.7,900.4749043
25,25,0.7,14774.14537
26,26,0.7,14351.80571
27,27,0.7,9905.230612
28,28,0.7,18009.49989
29,29,0.7,9004.746863
30,30,0.7,0
21,21,0.7,0
22,22,0.7,0
23,23,0.7,0
24,24,0.7,6303.326881
25,25,0.7,12459.22085
26,26,0.7,0
27,27,0.7,0
28,28,0.7,13507.13042
29,29,0.7,2701.424713
30,30,0.7,0
21,21,0.7,0
22,22,0.7,0
23,23,0.7,0
24,24,0.7,0
25,25,0.7,0
26,26,0.7,0
27,27,0.7,900.4749043
28,28,0.7,6630.959182
29,29,0.7,5525.802183
30,30,0.7,5525.80085
21,21,0.7,0
22,22,0.7,0
23,23,0.7,0
24,24,0.7,0
25,25,0.7,0
26,26,0.7,0
27,27,0.7,0
28,28,0.7,0
29,29,0.7,3315.478239
30,30,0.7,21273.38015
21,21,0.65,0
22,22,0.65,0
23,23,0.65,528.6877719
24,24,0.65,2598.431649
25,25,0.65,17149.6527
26,26,0.65,1559.061314
27,27,0.65,0
28,28,0.65,0
29,29,0.65,0
30,30,0.65,0
21,21,0.65,0
22,22,0.65,0
23,23,0.65,0
24,24,0.65,0
25,25,0.65,1039.37356
26,26,0.65,0
27,27,0.65,0
28,28,0.65,0
29,29,0.65,0
30,30,0.65,0
21,21,0.65,1185.640557
22,22,0.65,0
23,23,0.65,0
24,24,0.65,4150.178149
25,25,0.65,6916.965398
26,26,0.65,922.2615917
27,27,0.65,3689.047315
28,28,0.65,6464.834909
29,29,0.65,0
30,30,0.65,0
21,21,0.65,8892.297158
22,22,0.65,0
23,23,0.65,0
24,24,0.65,2766.785954
25,25,0.65,29060.25643
26,26,0.65,17070.84671
27,27,0.65,9222.623588
28,28,0.65,3698.051928
29,29,0.65,14756.19158
30,30,0.65,0
21,21,0.65,11272.57842
22,22,0.65,0
23,23,0.65,1844.524362
24,24,0.65,5072.440882
25,25,0.65,24050.22876
26,26,0.65,32336.71633
27,27,0.65,31836.0363
28,28,0.65,10615.01443
29,29,0.65,7396.098237
30,30,0.65,0
21,21,0.65,31446.45518
22,22,0.65,5344.377165
23,23,0.65,0
24,24,0.65,12554.57135
25,25,0.65,33167.48871
26,26,0.65,28311.37529
27,27,0.65,28670.54539
28,28,0.65,17522.98209
29,29,0.65,922.2629632
30,30,0.65,0
21,21,0.65,0
22,22,0.65,2973.09941
23,23,0.65,0
24,24,0.65,929.1983935
25,25,0.65,19623.37586
26,26,0.65,30760.61182
27,27,0.65,15251.99282
28,28,0.65,15687.45652
29,29,0.65,9231.62683
30,30,0.65,0
21,21,0.65,0
22,22,0.65,0
23,23,0.65,0
24,24,0.65,4150.177688
25,25,0.65,11074.07927
26,26,0.65,936.1338238
27,27,0.65,461.1307959
28,28,0.65,11076.14038
29,29,0.65,7378.093143
30,30,0.65,0
21,21,0.65,0
22,22,0.65,0
23,23,0.65,0
24,24,0.65,0
25,25,0.65,0
26,26,0.65,0
27,27,0.65,461.1321673
28,28,0.65,2193.336799
29,29,0.65,8773.342403
30,30,0.65,3518.337774
21,21,0.65,0
22,22,0.65,0
23,23,0.65,0
24,24,0.65,0
25,25,0.65,0
26,26,0.65,0
27,27,0.65,0
28,28,0.65,1754.667237
29,29,0.65,14494.02256
30,30,0.65,18857.5365
21,21,0.6,0
22,22,0.6,0
23,23,0.6,299.8053728
24,24,0.6,599.6105149
25,25,0.6,21903.82195
26,26,0.6,1798.835607
27,27,0.6,0
28,28,0.6,0
29,29,0.6,0
30,30,0.6,0
21,21,0.6,0
22,22,0.6,0
23,23,0.6,0
24,24,0.6,0
25,25,0.6,2026.226207
26,26,0.6,0
27,27,0.6,0
28,28,0.6,0
29,29,0.6,0
30,30,0.6,0
21,21,0.6,1292.35564
22,22,0.6,0
23,23,0.6,0
24,24,0.6,6349.380391
25,25,0.6,12138.4238
26,26,0.6,2205.348537
27,27,0.6,6340.382737
28,28,0.6,10484.41157
29,29,0.6,0
30,30,0.6,0
21,21,0.6,11238.36238
22,22,0.6,0
23,23,0.6,0
24,24,0.6,2205.348788
25,25,0.6,28127.20763
26,26,0.6,23992.18684
27,27,0.6,7443.055045
28,28,0.6,7167.384544
29,29,0.6,14886.112
30,30,0.6,0
21,21,0.6,17334.29187
22,22,0.6,320.8385387
23,23,0.6,2756.687047
24,24,0.6,6891.717868
25,25,0.6,21219.69549
26,26,0.6,40860.46822
27,27,0.6,36112.6004
28,28,0.6,12405.09555
29,29,0.6,6091.720328
30,30,0.6,0
21,21,0.6,28875.48702
22,22,0.6,9304.334196
23,23,0.6,0
24,24,0.6,13772.29319
25,25,0.6,32780.54298
26,26,0.6,40948.11982
27,27,0.6,38700.74695
28,28,0.6,17927.47494
29,29,0.6,2214.347472
30,30,0.6,0
21,21,0.6,962.5169875
22,22,0.6,2254.874288
23,23,0.6,551.3382591
24,24,0.6,3804.728813
25,25,0.6,28037.0199
26,26,0.6,32741.38991
27,27,0.6,17560.8583
28,28,0.6,24258.85889
29,29,0.6,12414.10164
30,30,0.6,0
21,21,0.6,0
22,22,0.6,0
23,23,0.6,0
24,24,0.6,2481.021827
25,25,0.6,9914.765944
26,26,0.6,1319.057332
27,27,0.6,4962.036897
28,28,0.6,12414.0947
29,29,0.6,8821.398323
30,30,0.6,0
21,21,0.6,0
22,22,0.6,0
23,23,0.6,0
24,24,0.6,0
25,25,0.6,0
26,26,0.6,0
27,27,0.6,1378.340463
28,28,0.6,1592.815396
29,29,0.6,4129.90862
30,30,0.6,4428.855611
21,21,0.6,274.1291805
22,22,0.6,0
23,23,0.6,0
24,24,0.6,0
25,25,0.6,0
26,26,0.6,0
27,27,0.6,0
28,28,0.6,2323.071453
29,29,0.6,21232.74996
30,30,0.6,26020.88703
21,21,0.55,0
22,22,0.55,0
23,23,0.55,195.8568989
24,24,0.55,1566.84677
25,25,0.55,21357.28016
26,26,0.55,1958.557402
27,27,0.55,0
28,28,0.55,0
29,29,0.55,0
30,30,0.55,0
21,21,0.55,0
22,22,0.55,0
23,23,0.55,0
24,24,0.55,0
25,25,0.55,2135.892353
26,26,0.55,0
27,27,0.55,191.0965232
28,28,0.55,910.4740344
29,29,0.55,0
30,30,0.55,0
21,21,0.55,2139.747306
22,22,0.55,0
23,23,0.55,0
24,24,0.55,4916.569016
25,25,0.55,19502.17465
26,26,0.55,3277.710292
27,27,0.55,6555.425353
28,28,0.55,12564.55949
29,29,0.55,0
30,30,0.55,0
21,21,0.55,16737.94995
22,22,0.55,0
23,23,0.55,0
24,24,0.55,2922.526073
25,25,0.55,36610.12775
26,26,0.55,22233.6075
27,27,0.55,11663.08963
28,28,0.55,9477.953683
29,29,0.55,16579.66224
30,30,0.55,2376.235654
21,21,0.55,19063.23724
22,22,0.55,0
23,23,0.55,1638.858119
24,24,0.55,7101.712448
25,25,0.55,21998.49039
26,26,0.55,54372.54926
27,27,0.55,40607.21446
28,28,0.55,18209.49974
29,29,0.55,7648.003721
30,30,0.55,0
21,21,0.55,30151.02345
22,22,0.55,12458.45118
23,23,0.55,0
24,24,0.55,15237.1789
25,25,0.55,38485.57554
26,26,0.55,57345.77862
27,27,0.55,42228.66746
28,28,0.55,24764.94003
29,29,0.55,3277.71342
30,30,0.55,0
21,21,0.55,2732.314238
22,22,0.55,1945.228937
23,23,0.55,0
24,24,0.55,5928.82593
25,25,0.55,41900.74241
26,26,0.55,36078.63071
27,27,0.55,25502.59475
28,28,0.55,26412.79406
29,29,0.55,13310.93713
30,30,0.55,0
21,21,0.55,0
22,22,0.55,0
23,23,0.55,0
24,24,0.55,3104.623398
25,25,0.55,7937.685141
26,26,0.55,665.7489672
27,27,0.55,6555.417457
28,28,0.55,12928.75739
29,29,0.55,6737.522982
30,30,0.55,0
21,21,0.55,0
22,22,0.55,0
23,23,0.55,0
24,24,0.55,0
25,25,0.55,0
26,26,0.55,0
27,27,0.55,1820.951914
28,28,0.55,1032.864905
29,29,0.55,5050.626799
30,30,0.55,3670.262382
21,21,0.55,537.3347331
22,22,0.55,0
23,23,0.55,0
24,24,0.55,0
25,25,0.55,0
26,26,0.55,0
27,27,0.55,336.7074296
28,28,0.55,3367.07907
29,29,0.55,29020.66256
30,30,0.55,32649.14812
21,21,0.5,0
22,22,0.5,0
23,23,0.5,430.0547421
24,24,0.5,2580.331831
25,25,0.5,28097.00475
26,26,0.5,3010.391073
27,27,0.5,0
28,28,0.5,0
29,29,0.5,0
30,30,0.5,0
21,21,0.5,275.6693122
22,22,0.5,0
23,23,0.5,0
24,24,0.5,0
25,25,0.5,2406.083446
26,26,0.5,406.8804634
27,27,0.5,0
28,28,0.5,813.7607343
29,29,0.5,0
30,30,0.5,0
21,21,0.5,2052.316464
22,22,0.5,0
23,23,0.5,0
24,24,0.5,5967.586253
25,25,0.5,24566.44662
26,26,0.5,2848.155695
27,27,0.5,6238.832999
28,28,0.5,16157.58353
29,29,0.5,542.5052634
30,30,0.5,0
21,21,0.5,18324.21278
22,22,0.5,0
23,23,0.5,280.2544058
24,24,0.5,2857.159296
25,25,0.5,30525.03184
26,26,0.5,31465.39688
27,27,0.5,13029.16967
28,28,0.5,12486.65406
29,29,0.5,22794.29348
30,30,0.5,2585.907811
21,21,0.5,20980.91151
22,22,0.5,1465.938691
23,23,0.5,1085.01463
24,24,0.5,7188.218153
25,25,0.5,21755.30872
26,26,0.5,63642.72093
27,27,0.5,50326.50991
28,28,0.5,27541.22202
29,29,0.5,6510.081148
30,30,0.5,135.6248
21,21,0.5,32250.64309
22,22,0.5,16289.90103
23,23,0.5,280.2544058
24,24,0.5,16679.53752
25,25,0.5,48333.32491
26,26,0.5,71436.23204
27,27,0.5,59680.05421
28,28,0.5,24023.94185
29,29,0.5,3526.287398
30,30,0.5,271.2540994
21,21,0.5,4837.59778
22,22,0.5,1319.345368
23,23,0.5,0
24,24,0.5,5482.261182
25,25,0.5,50446.17903
26,26,0.5,41227.9152
27,27,0.5,29506.89447
28,28,0.5,35588.2154
29,29,0.5,17360.23202
30,30,0.5,0
21,21,0.5,0
22,22,0.5,0
23,23,0.5,0
24,24,0.5,2712.532311
25,25,0.5,10461.95883
26,26,0.5,891.1072514
27,27,0.5,9900.745617
28,28,0.5,21022.14099
29,29,0.5,8833.736869
30,30,0.5,0
21,21,0.5,0
22,22,0.5,0
23,23,0.5,0
24,24,0.5,0
25,25,0.5,0
26,26,0.5,271.2540994
27,27,0.5,2305.65543
28,28,0.5,1621.19166
29,29,0.5,6743.181386
30,30,0.5,5289.497978
21,21,0.5,786.715578
22,22,0.5,0
23,23,0.5,0
24,24,0.5,0
25,25,0.5,0
26,26,0.5,0
27,27,0.5,1496.483666
28,28,0.5,5611.806443
29,29,0.5,37665.41183
30,30,0.5,39805.18436
21,21,0.45,0
22,22,0.45,0
23,23,0.45,1573.439649
24,24,0.45,2541.716197
25,25,0.45,30146.5067
26,26,0.45,5455.52702
27,27,0.45,0
28,28,0.45,0
29,29,0.45,0
30,30,0.45,0
21,21,0.45,712.5776833
22,22,0.45,0
23,23,0.45,0
24,24,0.45,130.0353156
25,25,0.45,2391.490155
26,26,0.45,350.5894972
27,27,0.45,0
28,28,0.45,350.5910612
29,29,0.45,0
30,30,0.45,0
21,21,0.45,2971.561539
22,22,0.45,0
23,23,0.45,0
24,24,0.45,9942.418739
25,25,0.45,27696.68915
26,26,0.45,5258.867159
27,27,0.45,5492.595311
28,28,0.45,17880.14595
29,29,0.45,467.4557395
30,30,0.45,0
21,21,0.45,19850.10621
22,22,0.45,1307.487125
23,23,0.45,116.8633068
24,24,0.45,6778.093574
25,25,0.45,43473.32263
26,26,0.45,41612.48106
27,27,0.45,16244.07899
28,28,0.45,15659.72841
29,29,0.45,26177.46967
30,30,0.45,3038.456895
21,21,0.45,23059.39281
22,22,0.45,3099.428299
23,23,0.45,2103.540935
24,24,0.45,9232.234667
25,25,0.45,30501.84832
26,26,0.45,74195.448
27,27,0.45,65500.67976
28,28,0.45,28164.15778
29,29,0.45,10985.19718
30,30,0.45,350.5912919
21,21,0.45,38895.15893
22,22,0.45,18661.47484
23,23,0.45,0
24,24,0.45,19180.45183
25,25,0.45,58223.52772
26,26,0.45,88692.36029
27,27,0.45,64335.4594
28,28,0.45,23606.49396
29,29,0.45,5735.320349
30,30,0.45,116.8617428
21,21,0.45,4754.511705
22,22,0.45,1426.357458
23,23,0.45,0
24,24,0.45,8998.030437
25,25,0.45,57556.88616
26,26,0.45,44419.98934
27,27,0.45,34013.81656
28,28,0.45,40668.59333
29,29,0.45,21970.36559
30,30,0.45,1818.209862
21,21,0.45,0
22,22,0.45,0
23,23,0.45,0
24,24,0.45,4332.962223
25,25,0.45,13289.97563
26,26,0.45,1454.680327
27,27,0.45,13673.05691
28,28,0.45,25125.69894
29,29,0.45,8531.063566
30,30,0.45,104.7419288
21,21,0.45,0
22,22,0.45,0
23,23,0.45,0
24,24,0.45,0
25,25,0.45,0
26,26,0.45,233.7279851
27,27,0.45,3047.456811
28,28,0.45,2455.172291
29,29,0.45,7204.948981
30,30,0.45,7626.413808
21,21,0.45,2998.427128
22,22,0.45,0
23,23,0.45,0
24,24,0.45,0
25,25,0.45,0
26,26,0.45,0
27,27,0.45,4358.098625
28,28,0.45,8117.100116
29,29,0.45,41659.066
30,30,0.45,50664.28735
21,21,0.4,0
22,22,0.4,0
23,23,0.4,3061.25488
24,24,0.4,4644.657269
25,25,0.4,31034.85905
26,26,0.4,8972.643616
27,27,0.4,527.8020717
28,28,0.4,0
29,29,0.4,0
30,30,0.4,0
21,21,0.4,1115.610711
22,22,0.4,0
23,23,0.4,0
24,24,0.4,316.6819071
25,25,0.4,2464.320067
26,26,0.4,99.79897155
27,27,0.4,199.5993145
28,28,0.4,1397.191811
29,29,0.4,0
30,30,0.4,0
21,21,0.4,4649.565975
22,22,0.4,0
23,23,0.4,0
24,24,0.4,11377.12419
25,25,0.4,34648.41557
26,26,0.4,7194.552481
27,27,0.4,4418.180825
28,28,0.4,20966.90653
29,29,0.4,898.191981
30,30,0.4,0
21,21,0.4,26583.40876
22,22,0.4,1819.39639
23,23,0.4,108.8006494
24,24,0.4,7884.147064
25,25,0.4,50108.35284
26,26,0.4,47404.74593
27,27,0.4,17864.10994
28,28,0.4,21955.8526
29,29,0.4,34131.40398
30,30,0.4,4100.776269
21,21,0.4,31563.1876
22,22,0.4,6266.792359
23,23,0.4,2494.989662
24,24,0.4,12874.13829
25,25,0.4,37262.04905
26,26,0.4,92537.01656
27,27,0.4,76521.59309
28,28,0.4,34349.01174
29,29,0.4,10188.55097
30,30,0.4,498.9989721
21,21,0.4,48939.55404
22,22,0.4,18193.96199
23,23,0.4,99.79897155
24,24,0.4,23671.28975
25,25,0.4,71331.77199
26,26,0.4,109633.0631
27,27,0.4,79543.58601
28,28,0.4,29141.46041
29,29,0.4,4690.57181
30,30,0.4,299.3980554
21,21,0.4,4043.104318
22,22,0.4,2324.782846
23,23,0.4,498.9946652
24,24,0.4,8907.527124
25,25,0.4,71635.43726
26,26,0.4,53356.23704
27,27,0.4,39339.99587
28,28,0.4,54191.09152
29,29,0.4,29640.44958
30,30,0.4,2949.156393
21,21,0.4,0
22,22,0.4,0
23,23,0.4,0
24,24,0.4,4191.573112
25,25,0.4,13891.77709
26,26,0.4,1721.660843
27,27,0.4,15777.30535
28,28,0.4,26855.04852
29,29,0.4,8600.763291
30,30,0.4,553.9796988
21,21,0.4,0
22,22,0.4,0
23,23,0.4,0
24,24,0.4,0
25,25,0.4,0
26,26,0.4,0
27,27,0.4,3881.72349
28,28,0.4,2805.80448
29,29,0.4,10903.19152
30,30,0.4,10174.79523
21,21,0.4,1931.514502
22,22,0.4,0
23,23,0.4,0
24,24,0.4,0
25,25,0.4,0
26,26,0.4,0
27,27,0.4,7335.294075
28,28,0.4,12597.66709
29,29,0.4,51045.35576
30,30,0.4,62555.00288
21,21,0.35,0
22,22,0.35,0
23,23,0.35,3833.223729
24,24,0.35,3641.569428
25,25,0.35,39865.64538
26,26,0.35,9879.572589
27,27,0.35,1245.797483
28,28,0.35,0
29,29,0.35,0
30,30,0.35,0
21,21,0.35,2219.74671
22,22,0.35,0
23,23,0.35,0
24,24,0.35,0
25,25,0.35,5025.52461
26,26,0.35,0
27,27,0.35,728.1049755
28,28,0.35,2275.330226
29,29,0.35,0
30,30,0.35,0
21,21,0.35,3911.152521
22,22,0.35,0
23,23,0.35,0
24,24,0.35,15845.34311
25,25,0.35,41420.16153
26,26,0.35,5551.829853
27,27,0.35,5096.756509
28,28,0.35,25028.74291
29,29,0.35,637.0962569
30,30,0.35,91.01296731
21,21,0.35,30773.84081
22,22,0.35,1152.909536
23,23,0.35,91.01296731
24,24,0.35,10748.59605
25,25,0.35,63900.51761
26,26,0.35,50812.54429
27,27,0.35,22571.36324
28,28,0.35,32400.79432
29,29,0.35,41875.22194
30,30,0.35,7736.132545
21,21,0.35,38046.03253
22,22,0.35,12690.99415
23,23,0.35,2093.306065
24,24,0.35,14471.15221
25,25,0.35,40177.82343
26,26,0.35,116120.4847
27,27,0.35,96320.98871
28,28,0.35,43240.45068
29,29,0.35,14744.18045
30,30,0.35,1556.224967
21,21,0.35,59259.88267
22,22,0.35,18535.26
23,23,0.35,546.0805467
24,24,0.35,24079.10317
25,25,0.35,85462.07714
26,26,0.35,128345.7729
27,27,0.35,91523.79358
28,28,0.35,32764.89842
29,29,0.35,3822.565534
30,30,0.35,273.0402734
21,21,0.35,3636.106475
22,22,0.35,4079.525297
23,23,0.35,1001.14662
24,24,0.35,10678.93602
25,25,0.35,87002.40882
26,26,0.35,63915.90129
27,27,0.35,43061.80297
28,28,0.35,69816.38833
29,29,0.35,34421.10528
30,30,0.35,3533.729687
21,21,0.35,0
22,22,0.35,0
23,23,0.35,0
24,24,0.35,4459.660875
25,25,0.35,17319.2741
26,26,0.35,1650.724739
27,27,0.35,19576.90177
28,28,0.35,36141.38781
29,29,0.35,11285.68762
30,30,0.35,748.0306867
21,21,0.35,0
22,22,0.35,0
23,23,0.35,0
24,24,0.35,0
25,25,0.35,0
26,26,0.35,0
27,27,0.35,4459.654686
28,28,0.35,3729.41938
29,29,0.35,13769.834
30,30,0.35,14426.40977
21,21,0.35,2455.097323
22,22,0.35,0
23,23,0.35,0
24,24,0.35,0
25,25,0.35,0
26,26,0.35,0
27,27,0.35,7480.001651
28,28,0.35,14566.86062
29,29,0.35,62834.33525
30,30,0.35,77593.38262
21,21,0.3,234.4041767
22,22,0.3,428.1138782
23,23,0.3,6379.522967
24,24,0.3,8558.904349
25,25,0.3,48199.63954
26,26,0.3,12593.55161
27,27,0.3,2514.675182
28,28,0.3,0
29,29,0.3,0
30,30,0.3,0
21,21,0.3,1246.813689
22,22,0.3,0
23,23,0.3,0
24,24,0.3,83.8206403
25,25,0.3,6671.535872
26,26,0.3,0
27,27,0.3,2111.337645
28,28,0.3,3257.215925
29,29,0.3,0
30,30,0.3,0
21,21,0.3,5869.244832
22,22,0.3,0
23,23,0.3,0
24,24,0.3,16565.93881
25,25,0.3,47667.67673
26,26,0.3,7894.937219
27,27,0.3,7795.717147
28,28,0.3,31101.10823
29,29,0.3,1136.872547
30,30,0.3,0
21,21,0.3,36691.84064
22,22,0.3,2282.476912
23,23,0.3,81.20494849
24,24,0.3,16809.53354
25,25,0.3,75934.31468
26,26,0.3,60416.93787
27,27,0.3,27860.59981
28,28,0.3,34918.36353
29,29,0.3,47514.27723
30,30,0.3,7389.692389
21,21,0.3,51192.25738
22,22,0.3,12390.63837
23,23,0.3,3816.656103
24,24,0.3,17946.43466
25,25,0.3,45406.39937
26,26,0.3,144831.4634
27,27,0.3,111150.9699
28,28,0.3,48325.66482
29,29,0.3,21113.44052
30,30,0.3,1380.491731
21,21,0.3,71489.50104
22,22,0.3,24618.24462
23,23,0.3,1227.082339
24,24,0.3,26598.21639
25,25,0.3,105906.7307
26,26,0.3,155296.047
27,27,0.3,119734.0838
28,28,0.3,39320.88275
29,29,0.3,4709.908603
30,30,0.3,162.409897
21,21,0.3,2363.995536
22,22,0.3,4401.937802
23,23,0.3,568.4393808
24,24,0.3,13830.43737
25,25,0.3,112237.7746
26,26,0.3,73504.56973
27,27,0.3,55896.94395
28,28,0.3,83647.5506
29,29,0.3,39141.10615
30,30,0.3,2677.262985
21,21,0.3,0
22,22,0.3,0
23,23,0.3,0
24,24,0.3,4466.307732
25,25,0.3,20068.7677
26,26,0.3,3432.096646
27,27,0.3,19931.36919
28,28,0.3,42876.54553
29,29,0.3,15185.4592
30,30,0.3,150.8908633
21,21,0.3,0
22,22,0.3,0
23,23,0.3,0
24,24,0.3,0
25,25,0.3,0
26,26,0.3,0
27,27,0.3,5839.417288
28,28,0.3,5477.38263
29,29,0.3,15984.13004
30,30,0.3,16454.15205
21,21,0.3,3221.642144
22,22,0.3,0
23,23,0.3,0
24,24,0.3,0
25,25,0.3,0
26,26,0.3,0
27,27,0.3,11252.9347
28,28,0.3,17468.01145
29,29,0.3,76060.20896
30,30,0.3,88476.53274
21,21,0.25,848.8335449
22,22,0.25,218.4903253
23,23,0.25,7647.209864
24,24,0.25,6190.602615
25,25,0.25,55104.89679
26,26,0.25,15294.43327
27,27,0.25,1310.949098
28,28,0.25,0
29,29,0.25,0
30,30,0.25,0
21,21,0.25,1384.62576
22,22,0.25,0
23,23,0.25,0
24,24,0.25,801.1353651
25,25,0.25,6404.964015
26,26,0.25,363.0352042
27,27,0.25,1649.453143
28,28,0.25,4374.629603
29,29,0.25,0
30,30,0.25,0
21,21,0.25,9887.614709
22,22,0.25,0
23,23,0.25,0
24,24,0.25,14843.17618
25,25,0.25,60031.61223
26,26,0.25,9618.843794
27,27,0.25,10040.14654
28,28,0.25,34851.14919
29,29,0.25,1004.008458
30,30,0.25,358.5765952
21,21,0.25,45639.78279
22,22,0.25,2026.46023
23,23,0.25,71.71477045
24,24,0.25,17570.24922
25,25,0.25,87409.65262
26,26,0.25,75296.04986
27,27,0.25,35634.90611
28,28,0.25,42168.63695
29,29,0.25,58298.93225
30,30,0.25,11626.87978
21,21,0.25,59413.59099
22,22,0.25,10444.18329
23,23,0.25,2079.74954
24,24,0.25,24236.63654
25,25,0.25,59964.93664
26,26,0.25,179574.2393
27,27,0.25,129318.8826
28,28,0.25,57584.29178
29,29,0.25,21294.99602
30,30,0.25,1147.450471
21,21,0.25,86829.16959
22,22,0.25,30051.40682
23,23,0.25,1434.30076
24,24,0.25,38276.62396
25,25,0.25,122966.6749
26,26,0.25,192528.0999
27,27,0.25,147738.7945
28,28,0.25,56079.61834
29,29,0.25,5522.077026
30,30,0.25,215.1470543
21,21,0.25,3687.086928
22,22,0.25,8136.875405
23,23,0.25,286.8590818
24,24,0.25,16326.66173
25,25,0.25,137077.6947
26,26,0.25,85595.62298
27,27,0.25,64899.25401
28,28,0.25,96101.98718
29,29,0.25,49272.39516
30,30,0.25,2294.887083
21,21,0.25,0
22,22,0.25,0
23,23,0.25,0
24,24,0.25,4948.349051
25,25,0.25,26573.83343
26,26,0.25,4922.755153
27,27,0.25,22877.2263
28,28,0.25,46404.43818
29,29,0.25,20722.56037
30,30,0.25,0
21,21,0.25,0
22,22,0.25,0
23,23,0.25,0
24,24,0.25,0
25,25,0.25,0
26,26,0.25,143.4295409
27,27,0.25,6103.624329
28,28,0.25,4604.87173
29,29,0.25,16492.38916
30,30,0.25,14213.39553
21,21,0.25,5266.001714
22,22,0.25,0
23,23,0.25,0
24,24,0.25,0
25,25,0.25,0
26,26,0.25,0
27,27,0.25,10141.65094
28,28,0.25,17843.67534
29,29,0.25,94429.24933
30,30,0.25,103163.8493
21,21,0.2,1603.156199
22,22,0.2,317.8740578
23,23,0.2,9727.00339
24,24,0.2,8655.208893
25,25,0.2,60832.68473
26,26,0.2,21043.40967
27,27,0.2,2415.848825
28,28,0.2,0
29,29,0.2,0
30,30,0.2,0
21,21,0.2,2052.76253
22,22,0.2,0
23,23,0.2,0
24,24,0.2,127.1492438
25,25,0.2,6130.695452
26,26,0.2,252.1373067
27,27,0.2,1885.602821
28,28,0.2,6536.764061
29,29,0.2,62.85285681
30,30,0.2,0
21,21,0.2,12650.46847
22,22,0.2,0
23,23,0.2,0
24,24,0.2,20568.55018
25,25,0.2,79527.14217
26,26,0.2,14393.40767
27,27,0.2,16225.17821
28,28,0.2,42179.25981
29,29,0.2,1382.768925
30,30,0.2,314.2627201
21,21,0.2,51342.50261
22,22,0.2,3518.13979
23,23,0.2,754.2364089
24,24,0.2,17168.01044
25,25,0.2,96716.32722
26,26,0.2,94283.60293
27,27,0.2,47012.58456
28,28,0.2,46080.53821
29,29,0.2,77054.66307
30,30,0.2,14707.68379
21,21,0.2,74540.33019
22,22,0.2,13893.69507
23,23,0.2,2074.160558
24,24,0.2,28155.87049
25,25,0.2,81662.04295
26,26,0.2,204408.5722
27,27,0.2,155617.8125
28,28,0.2,76118.23054
29,29,0.2,29608.50894
30,30,0.2,439.9739873
21,21,0.2,91892.04132
22,22,0.2,32988.72391
23,23,0.2,2011.304216
24,24,0.2,42072.41038
25,25,0.2,144739.3858
26,26,0.2,240778.7711
27,27,0.2,182196.8465
28,28,0.2,61575.42213
29,29,0.2,4022.610629
30,30,0.2,314.2683984
21,21,0.2,3518.13178
22,22,0.2,7937.816283
23,23,0.2,1257.069063
24,24,0.2,20909.79605
25,25,0.2,174101.2712
26,26,0.2,104139.0672
27,27,0.2,86326.35182
28,28,0.2,99234.97569
29,29,0.2,52609.09544
30,30,0.2,3578.509632
21,21,0.2,0
22,22,0.2,0
23,23,0.2,0
24,24,0.2,5342.540083
25,25,0.2,29458.54055
26,26,0.2,7416.79131
27,27,0.2,33698.48176
28,28,0.2,47756.53456
29,29,0.2,21868.54762
30,30,0.2,58.47503561
21,21,0.2,0
22,22,0.2,0
23,23,0.2,0
24,24,0.2,0
25,25,0.2,0
26,26,0.2,377.1169483
27,27,0.2,7767.526037
28,28,0.2,8164.339235
29,29,0.2,22257.21401
30,30,0.2,21039.95022
21,21,0.2,5063.232171
22,22,0.2,0
23,23,0.2,0
24,24,0.2,0
25,25,0.2,0
26,26,0.2,0
27,27,0.2,16752.69394
28,28,0.2,22769.33071
29,29,0.2,112993.4447
30,30,0.2,127202.1145
21,21,0.15,1791.356267
22,22,0.15,234.9785033
23,23,0.15,12101.39054
24,24,0.15,12630.06573
25,25,0.15,78911.80277
26,26,0.15,26956.77797
27,27,0.15,3651.150744
28,28,0.15,0
29,29,0.15,0
30,30,0.15,0
21,21,0.15,5182.06606
22,22,0.15,0
23,23,0.15,0
24,24,0.15,234.9773626
25,25,0.15,6464.383367
26,26,0.15,746.3688245
27,27,0.15,3208.921355
28,28,0.15,8422.165363
29,29,0.15,0
30,30,0.15,0
21,21,0.15,15134.50885
22,22,0.15,0
23,23,0.15,0
24,24,0.15,30657.48051
25,25,0.15,94640.60637
26,26,0.15,22350.53663
27,27,0.15,18334.83691
28,28,0.15,51900.06595
29,29,0.15,4870.686719
30,30,0.15,1031.438883
21,21,0.15,60589.99013
22,22,0.15,4752.142837
23,23,0.15,1547.162221
24,24,0.15,27496.8425
25,25,0.15,115274.7439
26,26,0.15,98475.53526
27,27,0.15,64753.14853
28,28,0.15,58478.04147
29,29,0.15,97166.50432
30,30,0.15,17472.09686
21,21,0.15,92192.74675
22,22,0.15,22504.10659
23,23,0.15,802.2328957
24,24,0.15,32543.42414
25,25,0.15,94450.71191
26,26,0.15,233993.0769
27,27,0.15,199504.6161
28,28,0.15,97763.29596
29,29,0.15,34432.99052
30,30,0.15,1890.969318
21,21,0.15,108608.5372
22,22,0.15,37280.32132
23,23,0.15,744.9278391
24,24,0.15,48245.23498
25,25,0.15,202018.4704
26,26,0.15,301715.4557
27,27,0.15,230242.7445
28,28,0.15,60658.35975
29,29,0.15,4650.47818
30,30,0.15,1146.038301
21,21,0.15,3733.955274
22,22,0.15,9833.784221
23,23,0.15,515.7181854
24,24,0.15,22331.03109
25,25,0.15,193641.0465
26,26,0.15,112553.2367
27,27,0.15,107777.0056
28,28,0.15,111162.491
29,29,0.15,59015.87968
30,30,0.15,6962.742819
21,21,0.15,0
22,22,0.15,0
23,23,0.15,0
24,24,0.15,6647.066536
25,25,0.15,33883.25777
26,26,0.15,6042.650216
27,27,0.15,51445.43859
28,28,0.15,56543.48024
29,29,0.15,20447.39893
30,30,0.15,210.881576
21,21,0.15,0
22,22,0.15,0
23,23,0.15,0
24,24,0.15,0
25,25,0.15,0
26,26,0.15,401.1174157
27,27,0.15,8949.580635
28,28,0.15,10886.44735
29,29,0.15,20712.95617
30,30,0.15,29020.59799
21,21,0.15,6722.810707
22,22,0.15,0
23,23,0.15,0
24,24,0.15,0
25,25,0.15,0
26,26,0.15,0
27,27,0.15,22051.34358
28,28,0.15,29492.7397
29,29,0.15,130343.6071
30,30,0.15,149568.3486
21,21,0.1,1716.296386
22,22,0.1,0
23,23,0.1,13336.8514
24,24,0.1,17379.35897
25,25,0.1,72639.57958
26,26,0.1,26085.39783
27,27,0.1,1347.088659
28,28,0.1,0
29,29,0.1,0
30,30,0.1,0
21,21,0.1,5687.827982
22,22,0.1,0
23,23,0.1,0
24,24,0.1,0
25,25,0.1,1824.730392
26,26,0.1,141.7991334
27,27,0.1,2029.041156
28,28,0.1,18688.27034
29,29,0.1,0
30,30,0.1,0
21,21,0.1,11725.97831
22,22,0.1,0
23,23,0.1,0
24,24,0.1,23921.68807
25,25,0.1,124087.2481
26,26,0.1,14479.97347
27,27,0.1,25803.19124
28,28,0.1,74820.1078
29,29,0.1,2466.841872
30,30,0.1,209.8972236
21,21,0.1,69807.94991
22,22,0.1,967.6731511
23,23,0.1,69.96633942
24,24,0.1,27764.79661
25,25,0.1,140794.1929
26,26,0.1,130937.0568
27,27,0.1,65804.60467
28,28,0.1,70300.29318
29,29,0.1,121553.7496
30,30,0.1,9872.427994
21,21,0.1,97635.84757
22,22,0.1,34550.03872
23,23,0.1,1049.499961
24,24,0.1,36630.72073
25,25,0.1,91648.0976
26,26,0.1,274666.2851
27,27,0.1,280600.2709
28,28,0.1,123991.1039
29,29,0.1,41631.10898
30,30,0.1,979.5331359
21,21,0.1,142819.6062
22,22,0.1,37164.56182
23,23,0.1,1609.230939
24,24,0.1,57323.89234
25,25,0.1,260049.9804
26,26,0.1,412434.2534
27,27,0.1,311593.2244
28,28,0.1,66849.6089
29,29,0.1,3428.382448
30,30,0.1,699.6675467
21,21,0.1,3139.089227
22,22,0.1,5235.578487
23,23,0.1,139.9340503
24,24,0.1,23812.3013
25,25,0.1,228964.3175
26,26,0.1,108552.3764
27,27,0.1,137259.1254
28,28,0.1,104006.2417
29,29,0.1,76566.14732
30,30,0.1,9515.514587
21,21,0.1,0
22,22,0.1,0
23,23,0.1,0
24,24,0.1,4967.654007
25,25,0.1,31287.86913
26,26,0.1,3384.037714
27,27,0.1,68130.84876
28,28,0.1,62237.53303
29,29,0.1,13435.02707
30,30,0.1,306.5836842
21,21,0.1,0
22,22,0.1,0
23,23,0.1,0
24,24,0.1,0
25,25,0.1,0
26,26,0.1,69.96633942
27,27,0.1,8869.180993
28,28,0.1,10882.3988
29,29,0.1,21179.49819
30,30,0.1,36983.08151
21,21,0.1,10637.37721
22,22,0.1,0
23,23,0.1,0
24,24,0.1,0
25,25,0.1,0
26,26,0.1,0
27,27,0.1,29122.2838
28,28,0.1,32928.12297
29,29,0.1,147304.7009
30,30,0.1,187041.9758
21,21,0.05,1687.625801
22,22,0.05,0
23,23,0.05,5087.453986
24,24,0.05,22250.79972
25,25,0.05,116046.1246
26,26,0.05,14131.28885
27,27,0.05,0
28,28,0.05,0
29,29,0.05,0
30,30,0.05,0
21,21,0.05,575.5219941
22,22,0.05,0
23,23,0.05,0
24,24,0.05,0
25,25,0.05,197.7629628
26,26,0.05,0
27,27,0.05,0
28,28,0.05,11325.72052
29,29,0.05,0
30,30,0.05,0
21,21,0.05,4976.375616
22,22,0.05,0
23,23,0.05,0
24,24,0.05,10774.88863
25,25,0.05,152877.6599
26,26,0.05,10387.08341
27,27,0.05,14155.62065
28,28,0.05,103428.7719
29,29,0.05,188.7626564
30,30,0.05,0
21,21,0.05,110441.0372
22,22,0.05,568.7255893
23,23,0.05,0
24,24,0.05,16618.5347
25,25,0.05,165149.5085
26,26,0.05,157972.5571
27,27,0.05,65317.74806
28,28,0.05,84392.44691
29,29,0.05,143818.7036
30,30,0.05,6040.379197
21,21,0.05,76934.32582
22,22,0.05,25026.7468
23,23,0.05,943.8095909
24,24,0.05,35481.14095
25,25,0.05,112930.3153
26,26,0.05,348247.8693
27,27,0.05,466717.4376
28,28,0.05,183079.2393
29,29,0.05,59084.12973
30,30,0.05,3586.477904
21,21,0.05,209934.6711
22,22,0.05,28576.12306
23,23,0.05,0
24,24,0.05,66751.05762
25,25,0.05,310220.2212
26,26,0.05,603601.7375
27,27,0.05,375342.8592
28,28,0.05,62302.0291
29,29,0.05,1324.268556
30,30,0.05,0
21,21,0.05,2559.27545
22,22,0.05,5687.292922
23,23,0.05,0
24,24,0.05,15759.42921
25,25,0.05,267306.1383
26,26,0.05,116137.1149
27,27,0.05,174132.8221
28,28,0.05,85132.09341
29,29,0.05,53976.25744
30,30,0.05,1132.572509
21,21,0.05,0
22,22,0.05,0
23,23,0.05,0
24,24,0.05,755.044261
25,25,0.05,26639.75843
26,26,0.05,188.7612849
27,27,0.05,71154.39009
28,28,0.05,81536.79135
29,29,0.05,7938.026493
30,30,0.05,0
21,21,0.05,0
22,22,0.05,0
23,23,0.05,0
24,24,0.05,0
25,25,0.05,0
26,26,0.05,0
27,27,0.05,2831.427965
28,28,0.05,19055.51883
29,29,0.05,18973.15288
30,30,0.05,40925.1066
21,21,0.05,6555.212363
22,22,0.05,0
23,23,0.05,0
24,24,0.05,0
25,25,0.05,0
26,26,0.05,0
27,27,0.05,27115.09991
28,28,0.05,33154.58609
29,29,0.05,189269.8676
30,30,0.05,215766.7186
